INSERT INTO formats (format_type)
VALUES
  ('vinyl'),
  ('cassette'),
  ('8-track');

INSERT INTO conditions (condition_quality)
VALUES
  ('fair'),
  ('good'),
  ('mint');


INSERT INTO genres (genre_name)
VALUES
  ('alternative'),
  ('classical'),
  ('country'),
  ('disco'),
  ('electronic'),
  ('folk'),
  ('grunge'),
  ('punk'),
  ('rock'),
  ('metal'),
  ('hip hop'),
  ('industrial'),
  ('pop'),
  ('soul'),
  ('reggae');

INSERT INTO albums (
  album_image,
  album_name,
  album_artist,
  album_year)
VALUES
  ('1', 'Dark Side of the Moon', 'Pink Floyd', 1973),
  ('2', 'Rumours', 'Fleetwood Mac', 1977),
  ('3', 'Killers', 'Iron Maiden', 1981),
  ('4', 'Paranoid', 'Black Sabbath', 1970),
  ('5', 'Sports', 'Huey Lewis', 1983),
  ('6', 'Come on Over', 'Shania Twain', 1997),
  ('7', 'Peter Gabriel', 'Peter Gabriel', 1977),
  ('8', 'Graceland', 'Paul Simon', 1986),
  ('9', 'Make It Big', 'Wham!', 1984),
  ('10', 'Pretty Hate Machine', 'Nine Inch Nails', 1989),
  ('11', 'War', 'U2', 1983),
  ('12', 'Pain In My Heart', 'Otis Redding', 1964),
  ('13', 'On The Beach', 'Neil Young', 1974),
  ('14', 'Whenever You Need Somebody', 'Rick Astley', 1987),
  ('15', 'Speaking in Tongues', 'Talking Heads', 1983),
  ('16', 'Hunky Dory', 'David Bowie', 1971),
  ('17', 'Surfer Rosa', 'Pixies', 1988),
  ('18', 'Ok Computer', 'Radiohead', 1997),
  ('19', 'Blue', 'Joni Mitchell', 1971),
  ('20', 'Exile in Guyville', 'Liz Phair', 1993),
  ('21', 'Debut', 'Bjork', 1993),
  ('22', 'News of the world', 'Queen', 1977),
  ('23', 'Mezzanine', 'Massive Attack', 1998),
  ('24', 'Midnight Marauders', 'A Tribe Called Quest', 1993),
  ('25', 'Either/Or', 'Elliot Smith', 1997),
  ('26', 'Rid of Me', 'PJ Harvey', 1993),
  ('27', 'Sheik Yerbouti', 'Frank Zappa', 1979),
  ('28', 'Arrival', 'ABBA', 1976),
  ('29', 'Lonesome Crowded West', 'Modest Mouse', 1997),
  ('30', 'Siamese Dream', 'Smashing Pumpkins', 1993),
  ('31', '3 Feet High and Rising', 'De la Soul', 1989),
  ('32', 'Raising Hell', 'Run DMC', 1986),
  ('33', 'Salad Days', 'Minor Threat', 1985),
  ('34', 'Dirty Mind', 'Prince', 1980),
  ('35', 'Moon Safari', 'Air', 1998),
  ('36', 'Bush Doctor', 'Peter Tosh', 1978),
  ('37', 'Ten', 'Pearl Jam', 1991),
  ('38', 'Kill Em All', 'Metallica', 1983),
  ('39', 'Aqualung', 'Jethro Tull', 1971),
  ('40', 'AEnema', 'Tool', 1997),
  ('41', 'Back in Black', 'AC/DC', 1980),
  ('42', 'Reign in Blood', 'Slayer', 1986),
  ('43', 'Nevermind', 'Nirvana', 1991),
  ('44', 'Bach: Goldberg Variations', 'Glenn Gould', 1956),
  ('45', 'Beethoven: Hammerklavier', 'Christoph Eschenbach', 1971),
  ('46', 'Hunting High and Low', 'A-ha', 1985),
  ('47', 'Business As Usual', 'Men At Work', 1981),
  ('48', 'Led Zeppelin III', 'Led Zeppelin', 1970),
  ('49', 'Harvest', 'Neil Young', 1972),
  ('50', 'A Night At The Opera', 'Queen', 1975),
  ('51', 'Enter The Wu-Tang', 'Wu-Tang Clan', 1993),
  ('52', 'Traveller', 'Chris Stapleton', 2015),
  ('53', 'Bahamas Is Afie', 'Bahamas', 2014),
  ('54', 'License To Ill', 'Beastie Boys', 1986),
  ('55', 'At Folsom Prison', 'Johnny Cash', 1968),
  ('56', 'Random Access Memories', 'Daft Punk', 2013),
  ('57', 'The Album', 'Haddaway', 1999),
  ('58', 'Ray Charles', 'Ray Charles', 1957),
  ('59', 'Voi-La Intruder', 'Gogol Bordello', 1999),
  ('60', 'Shout!', 'The Isley Brothers', 1959);

INSERT INTO albums_has_genre (
  albums_album_id,
  genre_genre_id)
VALUES
  ('1', '9'),
  ('2', '6'),
  ('2', '9'),
  ('3', '10'),
  ('3', '12'),
  ('4', '10'),
  ('5', '9'),
  ('5', '13'),
  ('6', '3'),
  ('7', '9'),
  ('8', '9'),
  ('8', '13'),
  ('9', '13'),
  ('10', '5'),
  ('10', '12'),
  ('11', '9'),
  ('12', '14'),
  ('13', '6'),
  ('13', '9'),
  ('14', '13'),
  ('15', '6'),
  ('15', '13'),
  ('16', '9'),
  ('17', '9'),
  ('18', '1'),
  ('18', '9'),
  ('19', '9'),
  ('20', '9'),
  ('21', '1'),
  ('21', '6'),
  ('22', '9'),
  ('23', '1'),
  ('23', '12'),
  ('24', '11'),
  ('25', '1'),
  ('26', '1'),
  ('27', '6'),
  ('27', '9'),
  ('28', '4'),
  ('28', '13'),
  ('29', '9'),
  ('30', '1'),
  ('30', '9'),
  ('31', '11'),
  ('32', '11'),
  ('33', '7'),
  ('33', '8'),
  ('34', '4'),
  ('34', '9'),
  ('35', '5'),
  ('36', '15'),
  ('37', '7'),
  ('37', '9'),
  ('38', '9'),
  ('38', '10'),
  ('39', '1'),
  ('39', '9'),
  ('40', '1'),
  ('40', '9'),
  ('41', '9'),
  ('42', '10'),
  ('43', '7'),
  ('43', '8'),
  ('43', '9'),
  ('44', '2'),
  ('45', '2'),
  ('46', '13'),
  ('47', '13'),
  ('48', '9'),
  ('49', '6'),
  ('50', '9'),
  ('51', '11'),
  ('52', '3'),
  ('53', '6'),
  ('54', '11'),
  ('55', '3'),
  ('56', '4'),
  ('56', '5'),
  ('57', '5'),
  ('58', '3'),
  ('58', '14'),
  ('59', '8'),
  ('59', '9'),
  ('60', '14');

INSERT INTO products (
  albums_album_id,
  formats_format_id,
  conditions_condition_id,
  price)
VALUES
  (1, 1, 1, '28.71'),
  (1, 1, 2, '31.57'),
  (1, 1, 3, '28.75'),
  (1, 2, 1, '46.64'),
  (1, 2, 2, '52.43'),
  (1, 2, 3, '42.62'),
  (1, 3, 1, '56.61'),
  (1, 3, 2, '43.71'),
  (1, 3, 3, '35.56'),
  (2, 1, 1, '13.04'),
  (2, 1, 2, '8.52'),
  (2, 1, 3, '53.65'),
  (2, 2, 1, '26.24'),
  (2, 2, 2, '47.67'),
  (2, 2, 3, '30.90'),
  (2, 3, 1, '28.80'),
  (2, 3, 2, '13.81'),
  (2, 3, 3, '32.74'),
  (3, 1, 1, '8.84'),
  (3, 1, 2, '54.70'),
  (3, 1, 3, '14.25'),
  (3, 2, 1, '44.21'),
  (3, 2, 2, '10.17'),
  (3, 2, 3, '34.39'),
  (3, 3, 1, '42.58'),
  (3, 3, 2, '18.04'),
  (3, 3, 3, '23.54'),
  (4, 1, 1, '50.66'),
  (4, 1, 2, '33.71'),
  (4, 1, 3, '10.34'),
  (4, 2, 1, '17.55'),
  (4, 2, 2, '27.77'),
  (4, 2, 3, '25.37'),
  (4, 3, 1, '8.16'),
  (4, 3, 2, '32.89'),
  (4, 3, 3, '37.74'),
  (5, 1, 1, '20.64'),
  (5, 1, 2, '27.02'),
  (5, 1, 3, '34.48'),
  (5, 2, 1, '15.22'),
  (5, 2, 2, '12.69'),
  (5, 2, 3, '32.17'),
  (5, 3, 1, '54.62'),
  (5, 3, 2, '45.39'),
  (5, 3, 3, '21.13'),
  (6, 1, 1, '28.69'),
  (6, 1, 2, '52.25'),
  (6, 1, 3, '16.33'),
  (6, 2, 1, '12.15'),
  (6, 2, 2, '49.43'),
  (6, 2, 3, '17.67'),
  (6, 3, 1, '36.10'),
  (6, 3, 2, '19.58'),
  (6, 3, 3, '16.32'),
  (7, 1, 1, '48.62'),
  (7, 1, 2, '55.43'),
  (7, 1, 3, '21.69'),
  (7, 2, 1, '29.10'),
  (7, 2, 2, '46.69'),
  (7, 2, 3, '9.54'),
  (7, 3, 1, '44.84'),
  (7, 3, 2, '48.86'),
  (7, 3, 3, '40.42'),
  (8, 1, 1, '44.48'),
  (8, 1, 2, '40.82'),
  (8, 1, 3, '23.64'),
  (8, 2, 1, '10.70'),
  (8, 2, 2, '22.89'),
  (8, 2, 3, '50.28'),
  (8, 3, 1, '44.62'),
  (8, 3, 2, '13.57'),
  (8, 3, 3, '23.52'),
  (9, 1, 1, '46.90'),
  (9, 1, 2, '23.84'),
  (9, 1, 3, '44.71'),
  (9, 2, 1, '36.52'),
  (9, 2, 2, '29.75'),
  (9, 2, 3, '45.81'),
  (9, 3, 1, '50.55'),
  (9, 3, 2, '21.60'),
  (9, 3, 3, '45.12'),
  (10, 1, 1, '34.83'),
  (10, 1, 2, '12.28'),
  (10, 1, 3, '42.91'),
  (10, 2, 1, '41.48'),
  (10, 2, 2, '8.65'),
  (10, 2, 3, '40.65'),
  (10, 3, 1, '23.13'),
  (10, 3, 2, '35.62'),
  (10, 3, 3, '49.90'),
  (11, 1, 1, '21.22'),
  (11, 1, 2, '30.66'),
  (11, 1, 3, '54.61'),
  (11, 2, 1, '38.90'),
  (11, 2, 2, '55.64'),
  (11, 2, 3, '11.07'),
  (11, 3, 1, '27.29'),
  (11, 3, 2, '48.20'),
  (11, 3, 3, '26.68'),
  (12, 1, 1, '17.29'),
  (12, 1, 2, '54.80'),
  (12, 1, 3, '52.57'),
  (12, 2, 1, '9.39'),
  (12, 2, 2, '33.92'),
  (12, 2, 3, '35.51'),
  (12, 3, 1, '38.93'),
  (12, 3, 2, '52.08'),
  (12, 3, 3, '24.49'),
  (13, 1, 1, '17.34'),
  (13, 1, 2, '44.54'),
  (13, 1, 3, '46.47'),
  (13, 2, 1, '47.68'),
  (13, 2, 2, '15.23'),
  (13, 2, 3, '19.18'),
  (13, 3, 1, '13.29'),
  (13, 3, 2, '21.76'),
  (13, 3, 3, '56.98'),
  (14, 1, 1, '46.08'),
  (14, 1, 2, '16.41'),
  (14, 1, 3, '37.20'),
  (14, 2, 1, '56.82'),
  (14, 2, 2, '38.33'),
  (14, 2, 3, '45.92'),
  (14, 3, 1, '11.45'),
  (14, 3, 2, '23.61'),
  (14, 3, 3, '24.95'),
  (15, 1, 1, '31.83'),
  (15, 1, 2, '53.42'),
  (15, 1, 3, '13.11'),
  (15, 2, 1, '20.26'),
  (15, 2, 2, '53.65'),
  (15, 2, 3, '9.20'),
  (15, 3, 1, '26.39'),
  (15, 3, 2, '45.45'),
  (15, 3, 3, '10.34'),
  (16, 1, 1, '38.67'),
  (16, 1, 2, '40.88'),
  (16, 1, 3, '33.27'),
  (16, 2, 1, '23.79'),
  (16, 2, 2, '38.24'),
  (16, 2, 3, '18.65'),
  (16, 3, 1, '37.95'),
  (16, 3, 2, '10.79'),
  (16, 3, 3, '29.60'),
  (17, 1, 1, '26.06'),
  (17, 1, 2, '9.75'),
  (17, 1, 3, '21.91'),
  (17, 2, 1, '41.73'),
  (17, 2, 2, '23.79'),
  (17, 2, 3, '16.50'),
  (17, 3, 1, '56.22'),
  (17, 3, 2, '40.22'),
  (17, 3, 3, '46.79'),
  (18, 1, 1, '23.34'),
  (18, 1, 2, '19.91'),
  (18, 1, 3, '11.47'),
  (18, 2, 1, '24.21'),
  (18, 2, 2, '52.07'),
  (18, 2, 3, '23.01'),
  (18, 3, 1, '35.89'),
  (18, 3, 2, '27.26'),
  (18, 3, 3, '17.50'),
  (19, 1, 1, '49.96'),
  (19, 1, 2, '33.93'),
  (19, 1, 3, '49.55'),
  (19, 2, 1, '41.89'),
  (19, 2, 2, '52.39'),
  (19, 2, 3, '9.88'),
  (19, 3, 1, '10.05'),
  (19, 3, 2, '23.65'),
  (19, 3, 3, '44.49'),
  (20, 1, 1, '38.52'),
  (20, 1, 2, '57.08'),
  (20, 1, 3, '17.96'),
  (20, 2, 1, '26.46'),
  (20, 2, 2, '57.43'),
  (20, 2, 3, '14.55'),
  (20, 3, 1, '18.58'),
  (20, 3, 2, '52.42'),
  (20, 3, 3, '7.88'),
  (21, 1, 1, '50.85'),
  (21, 1, 2, '42.77'),
  (21, 1, 3, '50.59'),
  (21, 2, 1, '20.23'),
  (21, 2, 2, '48.04'),
  (21, 2, 3, '14.47'),
  (21, 3, 1, '27.34'),
  (21, 3, 2, '46.46'),
  (21, 3, 3, '55.32'),
  (22, 1, 1, '24.49'),
  (22, 1, 2, '48.05'),
  (22, 1, 3, '23.09'),
  (22, 2, 1, '47.43'),
  (22, 2, 2, '29.01'),
  (22, 2, 3, '22.61'),
  (22, 3, 1, '22.89'),
  (22, 3, 2, '8.63'),
  (22, 3, 3, '7.85'),
  (23, 1, 1, '24.20'),
  (23, 1, 2, '41.31'),
  (23, 1, 3, '21.20'),
  (23, 2, 1, '17.82'),
  (23, 2, 2, '30.60'),
  (23, 2, 3, '7.58'),
  (23, 3, 1, '55.78'),
  (23, 3, 2, '54.28'),
  (23, 3, 3, '36.96'),
  (24, 1, 1, '14.72'),
  (24, 1, 2, '33.83'),
  (24, 1, 3, '31.43'),
  (24, 2, 1, '33.78'),
  (24, 2, 2, '12.01'),
  (24, 2, 3, '28.83'),
  (24, 3, 1, '18.01'),
  (24, 3, 2, '53.58'),
  (24, 3, 3, '34.78'),
  (25, 1, 1, '25.01'),
  (25, 1, 2, '13.12'),
  (25, 1, 3, '34.08'),
  (25, 2, 1, '11.86'),
  (25, 2, 2, '29.10'),
  (25, 2, 3, '35.40'),
  (25, 3, 1, '29.31'),
  (25, 3, 2, '48.81'),
  (25, 3, 3, '18.47'),
  (26, 1, 1, '27.72'),
  (26, 1, 2, '43.87'),
  (26, 1, 3, '36.83'),
  (26, 2, 1, '56.14'),
  (26, 2, 2, '19.89'),
  (26, 2, 3, '54.89'),
  (26, 3, 1, '47.61'),
  (26, 3, 2, '16.06'),
  (26, 3, 3, '22.52'),
  (27, 1, 1, '46.37'),
  (27, 1, 2, '41.02'),
  (27, 1, 3, '16.78'),
  (27, 2, 1, '52.24'),
  (27, 2, 2, '24.06'),
  (27, 2, 3, '47.52'),
  (27, 3, 1, '13.17'),
  (27, 3, 2, '36.66'),
  (27, 3, 3, '32.34'),
  (28, 1, 1, '39.94'),
  (28, 1, 2, '17.38'),
  (28, 1, 3, '15.35'),
  (28, 2, 1, '22.75'),
  (28, 2, 2, '43.17'),
  (28, 2, 3, '46.80'),
  (28, 3, 1, '8.20'),
  (28, 3, 2, '28.87'),
  (28, 3, 3, '22.85'),
  (29, 1, 1, '28.82'),
  (29, 1, 2, '55.81'),
  (29, 1, 3, '19.54'),
  (29, 2, 1, '21.90'),
  (29, 2, 2, '31.49'),
  (29, 2, 3, '41.47'),
  (29, 3, 1, '9.65'),
  (29, 3, 2, '46.35'),
  (29, 3, 3, '36.08'),
  (30, 1, 1, '47.63'),
  (30, 1, 2, '13.52'),
  (30, 1, 3, '44.80'),
  (30, 2, 1, '52.74'),
  (30, 2, 2, '45.37'),
  (30, 2, 3, '20.53'),
  (30, 3, 1, '20.19'),
  (30, 3, 2, '27.33'),
  (30, 3, 3, '33.52'),
  (31, 1, 1, '38.54'),
  (31, 1, 2, '17.69'),
  (31, 1, 3, '27.40'),
  (31, 2, 1, '48.03'),
  (31, 2, 2, '56.25'),
  (31, 2, 3, '21.85'),
  (31, 3, 1, '57.08'),
  (31, 3, 2, '49.31'),
  (31, 3, 3, '10.37'),
  (32, 1, 1, '55.35'),
  (32, 1, 2, '25.94'),
  (32, 1, 3, '15.64'),
  (32, 2, 1, '29.78'),
  (32, 2, 2, '44.51'),
  (32, 2, 3, '30.75'),
  (32, 3, 1, '55.52'),
  (32, 3, 2, '46.03'),
  (32, 3, 3, '9.75'),
  (33, 1, 1, '33.51'),
  (33, 1, 2, '29.35'),
  (33, 1, 3, '39.64'),
  (33, 2, 1, '44.09'),
  (33, 2, 2, '24.89'),
  (33, 2, 3, '40.18'),
  (33, 3, 1, '47.53'),
  (33, 3, 2, '15.99'),
  (33, 3, 3, '36.42'),
  (34, 1, 1, '29.83'),
  (34, 1, 2, '19.54'),
  (34, 1, 3, '28.17'),
  (34, 2, 1, '14.31'),
  (34, 2, 2, '27.55'),
  (34, 2, 3, '30.10'),
  (34, 3, 1, '21.55'),
  (34, 3, 2, '19.58'),
  (34, 3, 3, '46.79'),
  (35, 1, 1, '15.69'),
  (35, 1, 2, '56.36'),
  (35, 1, 3, '11.76'),
  (35, 2, 1, '46.33'),
  (35, 2, 2, '14.46'),
  (35, 2, 3, '53.70'),
  (35, 3, 1, '31.58'),
  (35, 3, 2, '16.56'),
  (35, 3, 3, '14.12'),
  (36, 1, 1, '46.00'),
  (36, 1, 2, '50.59'),
  (36, 1, 3, '51.75'),
  (36, 2, 1, '42.25'),
  (36, 2, 2, '19.76'),
  (36, 2, 3, '26.07'),
  (36, 3, 1, '55.60'),
  (36, 3, 2, '45.91'),
  (36, 3, 3, '50.04'),
  (37, 1, 1, '43.73'),
  (37, 1, 2, '45.59'),
  (37, 1, 3, '24.20'),
  (37, 2, 1, '20.91'),
  (37, 2, 2, '20.15'),
  (37, 2, 3, '31.69'),
  (37, 3, 1, '23.47'),
  (37, 3, 2, '48.65'),
  (37, 3, 3, '44.54'),
  (38, 1, 1, '27.64'),
  (38, 1, 2, '45.12'),
  (38, 1, 3, '22.65'),
  (38, 2, 1, '19.38'),
  (38, 2, 2, '20.41'),
  (38, 2, 3, '25.01'),
  (38, 3, 1, '10.35'),
  (38, 3, 2, '21.82'),
  (38, 3, 3, '57.10'),
  (39, 1, 1, '19.16'),
  (39, 1, 2, '20.52'),
  (39, 1, 3, '10.74'),
  (39, 2, 1, '55.64'),
  (39, 2, 2, '22.47'),
  (39, 2, 3, '52.80'),
  (39, 3, 1, '14.78'),
  (39, 3, 2, '34.66'),
  (39, 3, 3, '12.21'),
  (40, 1, 1, '54.31'),
  (40, 1, 2, '43.00'),
  (40, 1, 3, '18.35'),
  (40, 2, 1, '12.95'),
  (40, 2, 2, '14.56'),
  (40, 2, 3, '54.95'),
  (40, 3, 1, '12.17'),
  (40, 3, 2, '52.80'),
  (40, 3, 3, '22.09'),
  (41, 1, 1, '41.39'),
  (41, 1, 2, '20.26'),
  (41, 1, 3, '44.85'),
  (41, 2, 1, '55.69'),
  (41, 2, 2, '36.90'),
  (41, 2, 3, '26.41'),
  (41, 3, 1, '53.51'),
  (41, 3, 2, '47.28'),
  (41, 3, 3, '35.17'),
  (42, 1, 1, '31.97'),
  (42, 1, 2, '41.40'),
  (42, 1, 3, '16.12'),
  (42, 2, 1, '46.39'),
  (42, 2, 2, '53.72'),
  (42, 2, 3, '25.97'),
  (42, 3, 1, '29.89'),
  (42, 3, 2, '25.49'),
  (42, 3, 3, '28.02'),
  (43, 1, 1, '41.80'),
  (43, 1, 2, '42.60'),
  (43, 1, 3, '27.55'),
  (43, 2, 1, '53.56'),
  (43, 2, 2, '41.45'),
  (43, 2, 3, '37.38'),
  (43, 3, 1, '9.90'),
  (43, 3, 2, '18.97'),
  (43, 3, 3, '15.70'),
  (44, 1, 1, '17.02'),
  (44, 1, 2, '25.72'),
  (44, 1, 3, '22.13'),
  (44, 2, 1, '35.95'),
  (44, 2, 2, '14.42'),
  (44, 2, 3, '36.76'),
  (44, 3, 1, '8.88'),
  (44, 3, 2, '47.25'),
  (44, 3, 3, '49.46'),
  (45, 1, 1, '54.90'),
  (45, 1, 2, '20.75'),
  (45, 1, 3, '42.93'),
  (45, 2, 1, '25.59'),
  (45, 2, 2, '10.31'),
  (45, 2, 3, '45.78'),
  (45, 3, 1, '46.02'),
  (45, 3, 2, '21.22'),
  (45, 3, 3, '51.60'),
  (46, 1, 1, '36.64'),
  (46, 1, 2, '52.16'),
  (46, 1, 3, '27.68'),
  (46, 2, 1, '20.18'),
  (46, 2, 2, '11.04'),
  (46, 2, 3, '34.25'),
  (46, 3, 1, '21.48'),
  (46, 3, 2, '36.07'),
  (46, 3, 3, '27.34'),
  (47, 1, 1, '53.61'),
  (47, 1, 2, '49.03'),
  (47, 1, 3, '16.01'),
  (47, 2, 1, '56.35'),
  (47, 2, 2, '13.92'),
  (47, 2, 3, '30.58'),
  (47, 3, 1, '17.07'),
  (47, 3, 2, '20.74'),
  (47, 3, 3, '29.09'),
  (48, 1, 1, '54.57'),
  (48, 1, 2, '50.23'),
  (48, 1, 3, '31.76'),
  (48, 2, 1, '9.80'),
  (48, 2, 2, '31.57'),
  (48, 2, 3, '56.04'),
  (48, 3, 1, '31.04'),
  (48, 3, 2, '15.62'),
  (48, 3, 3, '54.12'),
  (49, 1, 1, '41.50'),
  (49, 1, 2, '8.47'),
  (49, 1, 3, '55.46'),
  (49, 2, 1, '18.51'),
  (49, 2, 2, '19.30'),
  (49, 2, 3, '9.53'),
  (49, 3, 1, '29.36'),
  (49, 3, 2, '25.48'),
  (49, 3, 3, '52.85'),
  (50, 1, 1, '39.29'),
  (50, 1, 2, '20.60'),
  (50, 1, 3, '44.14'),
  (50, 2, 1, '51.42'),
  (50, 2, 2, '41.89'),
  (50, 2, 3, '50.31'),
  (50, 3, 1, '40.09'),
  (50, 3, 2, '33.11'),
  (50, 3, 3, '34.00'),
  (51, 1, 1, '20.66'),
  (51, 1, 2, '57.12'),
  (51, 1, 3, '9.11'),
  (51, 2, 1, '23.08'),
  (51, 2, 2, '44.47'),
  (51, 2, 3, '57.48'),
  (51, 3, 1, '40.97'),
  (51, 3, 2, '21.74'),
  (51, 3, 3, '21.35'),
  (52, 1, 1, '13.06'),
  (52, 1, 2, '14.79'),
  (52, 1, 3, '37.45'),
  (52, 2, 1, '24.44'),
  (52, 2, 2, '52.73'),
  (52, 2, 3, '9.05'),
  (52, 3, 1, '53.57'),
  (52, 3, 2, '21.44'),
  (52, 3, 3, '53.86'),
  (53, 1, 1, '50.88'),
  (53, 1, 2, '49.92'),
  (53, 1, 3, '9.68'),
  (53, 2, 1, '15.64'),
  (53, 2, 2, '44.77'),
  (53, 2, 3, '54.26'),
  (53, 3, 1, '16.36'),
  (53, 3, 2, '23.08'),
  (53, 3, 3, '43.01'),
  (54, 1, 1, '28.46'),
  (54, 1, 2, '39.10'),
  (54, 1, 3, '23.68'),
  (54, 2, 1, '21.76'),
  (54, 2, 2, '29.97'),
  (54, 2, 3, '43.50'),
  (54, 3, 1, '52.88'),
  (54, 3, 2, '25.53'),
  (54, 3, 3, '12.12'),
  (55, 1, 1, '18.10'),
  (55, 1, 2, '54.65'),
  (55, 1, 3, '18.47'),
  (55, 2, 1, '48.91'),
  (55, 2, 2, '41.88'),
  (55, 2, 3, '27.08'),
  (55, 3, 1, '7.68'),
  (55, 3, 2, '40.94'),
  (55, 3, 3, '39.68'),
  (56, 1, 1, '51.64'),
  (56, 1, 2, '15.02'),
  (56, 1, 3, '45.44'),
  (56, 2, 1, '31.47'),
  (56, 2, 2, '56.06'),
  (56, 2, 3, '29.70'),
  (56, 3, 1, '22.19'),
  (56, 3, 2, '39.85'),
  (56, 3, 3, '9.89'),
  (57, 1, 1, '15.23'),
  (57, 1, 2, '50.91'),
  (57, 1, 3, '20.06'),
  (57, 2, 1, '40.33'),
  (57, 2, 2, '55.58'),
  (57, 2, 3, '41.28'),
  (57, 3, 1, '26.20'),
  (57, 3, 2, '39.50'),
  (57, 3, 3, '8.72'),
  (58, 1, 1, '35.81'),
  (58, 1, 2, '53.80'),
  (58, 1, 3, '51.55'),
  (58, 2, 1, '50.66'),
  (58, 2, 2, '49.67'),
  (58, 2, 3, '53.78'),
  (58, 3, 1, '45.57'),
  (58, 3, 2, '30.87'),
  (58, 3, 3, '39.32'),
  (59, 1, 1, '27.88'),
  (59, 1, 2, '39.45'),
  (59, 1, 3, '51.45'),
  (59, 2, 1, '26.53'),
  (59, 2, 2, '9.79'),
  (59, 2, 3, '44.73'),
  (59, 3, 1, '36.67'),
  (59, 3, 2, '45.13'),
  (59, 3, 3, '9.88'),
  (60, 1, 1, '48.07'),
  (60, 1, 2, '31.91'),
  (60, 1, 3, '53.77'),
  (60, 2, 1, '14.49'),
  (60, 2, 2, '12.93'),
  (60, 2, 3, '8.68'),
  (60, 3, 1, '28.27'),
  (60, 3, 2, '36.92'),
  (60, 3, 3, '35.37');

INSERT INTO customers (
  email,
  password,
  first_name,
  last_name)
VALUES
  ("tigger@boing.com", "$2a$09$k7BBvG1iBAMpnoE5l1DKI.Wmp9GAv9nwGW22lEtKyGjIrftqX3b6m", "Tigger", "Williams"),
  ("eeyore@rain.com", "$2a$09$aSDCKMC0ZcxaqdM4HMHspe6NS8Plrtx4XuFPKr3X19ub87DMZWXYC", "Eeyore", "Donkey"),
  ("winnie@pooh.com", "$2a$09$8WZ5AOFUfBUPYYb3F7ejSugGm0/iORnNgGcZACqsF7RT9ZJ0Erpbe", "Winnie", "the Pooh");

INSERT INTO carts (
  customers_user_id,
  products_product_id,
  product_qty
)
VALUES
  (1, 14, 2),
  (1, 20, 1),
  (1, 45, 4),
  (1, 33, 1),

  (2, 5, 1),
  (2, 12, 1),
  (2, 104, 3),
  (2, 99, 1),

  (3, 7, 5),
  (3, 80, 2),
  (3, 401, 1),
  (3, 22, 12),
  (3, 305, 2),
  (3, 200, 1);
